name,artists,genre,emotion_final_adjusted
!,['HELLYEAH'],groove metal,Üzüntü
!!,Yxngxr1,,Aşk
!!Noble Stabbings!!,Dillinger Four,punk,Üzüntü
!I'll Be Back!,Rilès,french rap,Enerji
!Lost!,Rilès,french rap,Aşk
!Que Vida! - Mono Version,['Love'],psychedelic rock,Üzüntü
!liaF cipE,One Morning Left,metalcore,Üzüntü
""" """,['Breadwinner'],math rock,Üzüntü
""" R.I.P """,Ram-Zet,avant-garde,Aşk
"""...Because All Suffering Is Sweet to Me...""",['Envy On The Coast'],post-hardcore,Üzüntü
"""40""",['U2'],rock,Mutluluk
"""40"" - Live",['U2'],rock,Üzüntü
"""40"" - Remastered 2008",['U2'],rock,Üzüntü
"""40"" - Remastered 2008",['U2'],rock,Üzüntü
"""40"" - Songs Of Surrender",['U2'],rock,Aşk
"""42"" - From SR3MM",Rae Sremmurd,,Üzüntü
"""45""",['The Gaslight Anthem'],,Aşk
"""99""",['Barns Courtney'],,Mutluluk
"""A Flair for the Dramatic...""","['Beth Malone', 'Roberta Colindrez', 'Emily Skeggs', 'Michael Cerveris', 'Sydney Lucas']",musicals,Üzüntü
"""A Lovely Night""",Laura Osnes,musicals,Aşk
"""A virgin"" - Act One",Catherine Zeta-Jones,musicals,Aşk
"""A"" You're Adorable",Brian Hyland,,Mutluluk
"""A"" You're Adorable",['Brian Hyland'],,Mutluluk
"""A"" Your Adorable",Diana Panton,vocal jazz,Aşk
"""Aiight""",BJ The Chicago Kid,,Üzüntü
"""Are We Taping Now?""",Janis Joplin,classic rock,Aşk
"""Are You Running Away from Me?""","['Judy Kuhn', 'Ryan Silverman']",musicals,Aşk
"""B"" Movie Box Car Blues - Live","['The Blues Brothers', 'Joe Gastwirt']",blues,Aşk
"""BOP""",['CJ'],dembow,Enerji
"""BabyRock"" Rock",['Clorofila'],mexican indie,Enerji
"""Beer Beer, Truck Truck""",George Birge,country,Mutluluk
"""Blind""",['SOAK'],,Üzüntü
"""Blue Flame"" (Interlude)",Big K.R.I.T.,southern hip hop,Enerji
"""Bluejays and Cardinals""",The Mountain Goats,folk punk,Aşk
"""Boom""",MY FIRST STORY,j-pop,Üzüntü
"""Btw, That Untitled Song On Your Mixtape Was For You. I Wrote It When I Missed You.""",Suis La Lune,screamo,Üzüntü
"""Btw, That Untitled Song on Your Mixtape Was for You. I Wrote It When I Missed You.""",Suis La Lune,screamo,Üzüntü
"""C"" IS FOR COOKIE",Little Apple Band,,Enerji
"""C"" Is For Cookie",['Little Apple Band'],,Enerji
"""C"" Is for Cookie",Little Apple Band,,Enerji
"""C"" is for Cookie",['Sesame Street'],children's music,Enerji
"""C"" is for Cookie",Little Apple Band,,Enerji
"""Cassius"" Love Vs. ""Sonny"" Wilson (Mono)",['The Beach Boys'],baroque pop,Aşk
"""Cassius"" Love Vs. ""Sonny"" Wilson - Remastered 2001",['The Beach Boys'],baroque pop,Aşk
"""Clueless in New York...""","['Beth Malone', 'Sydney Lucas', 'Michael Cerveris']",musicals,Üzüntü
"""Contemplate This on the Tree of Woe.""",Dillinger Four,punk,Üzüntü
"""DEVILS NEVER CRY""(スタッフロール)",['Capcom Sound Team'],japanese vgm,Üzüntü
"""Dearly Departed"" - Live from Spotify Sxsw 2014 (feat. Esme Patterson)",['Shakey Graves'],indie folk,Aşk
"""E"" Train",['Jonny Lang'],blues,Mutluluk
"""Either He's Dead or My Watch Has Stopped""",Onsind,folk punk,Üzüntü
"""Eternal""",['Bone Thugs-N-Harmony'],gangster rap,Aşk
"""Eternal""",['Bone Thugs-N-Harmony'],gangster rap,Aşk
"""Farewell"" Symphony",['Deerhoof'],noise rock,Enerji
"""Farewell"" Symphony",Deerhoof,noise rock,Enerji
"""Filthy""",Ayron Jones,,Üzüntü
"""Forbidden""",D'espairsRay,visual kei,Üzüntü
"""From My Cold Dead Hands""",Remembering Never,metalcore,Üzüntü
"""Fuck Me"" Eyes",['Millionaires'],crunk,Enerji
"""Get a Shot of the Refrigerator""",Stereolab,art pop,Mutluluk
"""Gustave! Gustave!...""",Andrew Lloyd Webber,musicals,Üzüntü
"""H"" Friend",['Black Devil Disco Club'],italo dance,Enerji
"""Have It Your Way.""",['Mario Cantone'],musicals,Üzüntü
"""He Was Tall""",Laura Osnes,musicals,Üzüntü
"""Here I am""",HIGH and MIGHTY COLOR,anime,Aşk
"""Heroes"" - 2017 Remastered Version",David Bowie,glam rock,Aşk
"""Heroes"" - Klax Mix Radio Edit","['David Bowie', 'Klax']",glam rock,Üzüntü
"""Heroes"" - Live, Glastonbury, 2000",['David Bowie'],glam rock,Enerji
"""Heroes"" / ""Helden"" - 2001 Remaster",['David Bowie'],glam rock,Üzüntü
"""I Ain't Got No""",Wolfmother,stoner rock,Aşk
"""I Am a Terrifying and Imposing Figure...!""","['Becky Ann Baker', ""Denis O'Hare"", 'James Clow', 'Merwin Foard']",musicals,Sakinlik
"""I Could Carve a Better Man Out of a Banana""",Onsind,folk punk,Aşk
"""I Decided Not To Do Them""",['Latterman'],melodic hardcore,Aşk
"""I Leapt out of the Closet...""","['Beth Malone', 'Sydney Lucas', 'Michael Cerveris', 'Judy Kuhn']",musicals,Üzüntü
"""I Was Born on a Pirate Ship! "" (Holdyourtongue)",Dillinger Four,punk,Üzüntü
"""I'll Take What's in the Box Monty""",The Lawrence Arms,punk,Üzüntü
"""Impossible""",Victoria Clark,musicals,Mutluluk
"""In Loving Memory""",Secrets,post-hardcore,Üzüntü
"""In My Own Little Corner""",Laura Osnes,musicals,Üzüntü
"""Is This My Fate?"" He Asked Them",Story Of The Year,emo,Üzüntü
"""It Was Great to Have You Home...""","['Michael Cerveris', 'Beth Malone']",musicals,Aşk
"""It's Not Easy Being Skinny"" - Live at The Electric Factory, Philadelphia, PA - May 2006",The Fray,,Üzüntü
"""It's Possible""",Victoria Clark,musicals,Mutluluk
"""It's Possible""","[""Rodgers + Hammerstein's Cinderella (Original Broadway Cast)""]",,Mutluluk
"""It’s A Good Day""",['Kay Starr'],christmas,Mutluluk
"""Just Had a Good Talk with Dad...""","['Beth Malone', 'Emily Skeggs', 'Michael Cerveris', 'Joel Perez', 'Sydney Lucas', 'Griffin Birney', 'Noah Hinsdale']",musicals,Aşk
"""Knock The Cover Off The Ball""",Randy Newman,,Üzüntü
"""Ladies and Gentlemen, a Toast!""","[""Denis O'Hare"", 'Jeffrey Kuhn', 'Michael Cerveris']",musicals,Aşk
"""Let Me Introduce You to My Gay Dad...""","['Roberta Colindrez', 'Emily Skeggs', 'Beth Malone', 'Michael Cerveris', 'Judy Kuhn']",musicals,Üzüntü
"""Life Is a Gift""",['Michael Glencer'],,Mutluluk
"""Life""",['$NOT'],,Enerji
"""Loneliness Of Evening""",Santino Fontana;Laura Osnes,,Aşk
"""M"" Is For Morphine",World / Inferno Friendship Society,folk punk,Aşk
"""Ma"" Rainey's Black Bottom",['Ma Rainey'],classic blues,Mutluluk
"""Maybe""",['Zachary Westbrook'],,Aşk
"""Me, Who Am I?""",Santino Fontana,,Mutluluk
"""Mike, Aaron And Eddie""",Haiku D'Etat,underground hip hop,Mutluluk
"""Mother, Did You Watch?""",Andrew Lloyd Webber,musicals,Mutluluk
"""Murder"" He Says",['Tori Amos'],singer-songwriter,Aşk
"""Murder"", He Says",Dinah Shore,big band,Sakinlik
"""Murder"", He Says",['Dinah Shore'],big band,Sakinlik
"""Now, seeing as Henry was running out of women to marry in England...""",SIX,musicals,Üzüntü
"""O, We're Going Home""",Thomas Newman,soundtrack,Üzüntü
"""Ole"" Baugh Road",['Alabama'],classic country,Enerji
"""Ole"" Baugh Road",['Alabama'],classic country,Enerji
"""P"" Is Still Free",['KRS-One'],east coast hip hop,Mutluluk
"""Please Miss Giry, I Want To Go Back...""",Andrew Lloyd Webber,musicals,Aşk
"""President Dead""",Marilyn Manson,industrial metal,Aşk
"""Push It To The Limit"" from the Motion Picture ""Scarface""","['Brian ""Hacksaw"" Williams']",,Mutluluk
"""Push It to the Limit"" from the Motion Picture ""Scarface"" Composed by Giorgio Moroder (feat. Dominik Hauser)","['Brian ""Hacksaw"" Williams']",,Mutluluk
"""Read a Book...""","['Michael Cerveris', 'Sydney Lucas', 'Beth Malone', 'Judy Kuhn']",musicals,Aşk
"""Say I'm the One""",Griffin House,acoustic pop,Üzüntü
"""Shortly After We Were Married...""","['Judy Kuhn', 'Emily Skeggs']",musicals,Üzüntü
"""Smile"" (Final Theme from the Motion Picture ""Modern Times"") - Arranged by Nan Schwartz",Thomas Quasthoff,dub,Üzüntü
"""So I guess you already know what happened next...""",SIX,musicals,Sakinlik
"""Something In the Rain"" (Something In the Rain, Pt. 1) [Music from the Original TV Series]",Rachael Yamagata,,Aşk
"""Sometimes My Father Appeared to Enjoy Having Children...""","['Beth Malone', 'Michael Cerveris', 'Judy Kuhn']",musicals,Sakinlik
"""Sprung On A Thug""",['La La'],,Aşk
"""Stockades""",['Frog Eyes'],art rock,Aşk
"""Sure, Baby...Hold Back.""",Say Anything,pop punk,Aşk
"""T"" For Texas",Johnny Cash,classic country,Mutluluk
"""T"" Stands For Time",['Marvin Gaye'],motown,Aşk
"""Ten Minutes Ago""",Santino Fontana,,Aşk
"""Thanks for the Care Package...""","['Emily Skeggs', 'Roberta Colindrez', 'Sydney Lucas', 'Michael Cerveris']",musicals,Üzüntü
"""That Spells Reno""",Amy Adams,,Sakinlik
"""The Potter Has No Hands""",Norma Jean,mathcore,Aşk
"""The State I'm In"" Aka ""Goode Buy From Cobbs Creek Park""",Karate,slowcore,Üzüntü
"""The Take Over, The Breaks Over""",['Fall Out Boy'],emo,Enerji
"""The Take Over, The Breaks Over""",['Fall Out Boy'],emo,Enerji
"""There's Music in You""",Victoria Clark,musicals,Üzüntü
"""This Is What I Have of You...""",['Beth Malone'],musicals,Üzüntü
"""Tough Guy""",Madball,hardcore,Enerji
"""Unlucky Skin"" - Live from Spotify Nyc",Shakey Graves,indie folk,Aşk
"""V""",['Ted Winn'],gospel,Mutluluk
"""Was He Slow?"" - Music From The Motion Picture Baby Driver",Kid Koala,trip hop,Enerji
"""Was He Slow?"" - Music From The Motion Picture Baby Driver",Kid Koala,trip hop,Enerji
"""Was He Slow?"" - Music From The Motion Picture Baby Driver",['Kid Koala'],trip hop,Enerji
"""Wished I Was A Giant""",['Guided By Voices'],power pop,Üzüntü
"""X"" Marks The Spot",['Swashbuckle'],folk metal,Aşk
"""You Get so Alone at Times That It Just Makes Sense""",['Senses Fail'],post-hardcore,Aşk
"""You Got A Death Wish, Johnny Truant?""",The Fall of Troy,post-hardcore,Üzüntü
"""You Got A Killer Scene There, Man...""",Queens of the Stone Age,stoner rock,Aşk
"""You Ready to Go for That Drive?...""","['Michael Cerveris', 'Beth Malone']",musicals,Üzüntü
"""You're back!""","['Lily James', 'Ansel Elgort']",musicals,Üzüntü
"""Z"" no Chikai - Movie Version",Various Artists,anime,Aşk
"""all aboard""",['SOAK'],,Üzüntü
"""like seeing spiders running riot on your lover's grave"" (feat. Happyalone.)","['Bring Me The Horizon', 'Happyalone.']",metalcore,Üzüntü
"""sometimes you meet the right people at the wrong times""",Can't Swim,pop punk,Üzüntü
#,['Phazer'],jungle,Mutluluk
# FABFAB,['Daniel Perry'],,Aşk
#!*@ You Tonight (feat. R. Kelly),"['The Notorious B.I.G.', 'R. Kelly']",old school hip hop,Aşk
#!*@ You Tonight (feat. R. Kelly) - 2014 Remastered Version,The Notorious B.I.G.,old school hip hop,Mutluluk
##4MyDad,['Lightz'],,Üzüntü
##RR##EFG,['KANKAN'],rage rap,Üzüntü
#0000FF,Jasmine Sokko,chinese r&b,Üzüntü
#1,Imagine Dragons,,Aşk
#1,Kelly Rowland,,Aşk
#1,Gerald Levert,quiet storm,Aşk
#1,Animal Collective,neo-psychedelic,Mutluluk
#1,['Nelly'],,Aşk
#1,['Nelly'],,Aşk
#1 Bad Boy - 2005 Remastered,['Poison'],glam metal,Aşk
#1 Cat in America (Titus Jones Remix) [Remastered],Leslie Hall,,Enerji
#1 Chance Pirate TV,['Team Dresch'],queercore,Üzüntü
#1 Country Song,['The Handsome Family'],southern gothic,Üzüntü
#1 Crush,['Garbage'],,Üzüntü
#1 Crush,['Various Artists'],,Üzüntü
#1 Crush - Nellee Hooper Mix,"['Garbage', 'Nellee Hooper']",,Üzüntü
#1 Da Woman,Tricky,trip hop,Mutluluk
#1 Fan,THE DRIVER ERA,,Enerji
#1 Fan (feat. Keyshia Cole & J. Holiday),['Plies'],southern hip hop,Enerji
#1 Hit Jam,The Brian Jonestown Massacre,neo-psychedelic,Aşk
#1 Hit Record,['Edan'],experimental hip hop,Aşk
#1 Is Number Two,The Soviettes,riot grrrl,Aşk
#1 LUCKY KITTY,The Brian Jonestown Massacre,neo-psychedelic,Üzüntü
#1 Radio $Ingle,Psychostick,,Aşk
#1 Stunna,['$uicideboy$'],emo rap,Aşk
#1 Stunna,Big Tymers,southern hip hop,Aşk
#1 Stunna,Big Tymers,southern hip hop,Aşk
#10,['Velvet Crush'],power pop,Üzüntü
#10 Dream,['Håkan Hellström'],swedish pop,Sakinlik
#104,Alpha Wolf,metalcore,Üzüntü
#13,['AroarA'],,Aşk
#1Fan,Trey Songz,r&b,Üzüntü
#1HappyHoliday,['DRAM'],,Aşk
#1Nite (One Night),Cobra Starship,,Enerji
#1f1e33,['Camellia'],speedcore,Üzüntü
#2,['Pat Green'],texas country,Aşk
#2 In The Model Home Series,['Guided By Voices'],power pop,Aşk
#2 Kraft Paperbag,['Sugarplum Fairies'],,Sakinlik
#3,黃小楨,taiwanese indie,Aşk
#34,['Teodasia'],gothic metal,Üzüntü
"#36 - Live at Continental Airlines Arena, East Rutherford, NJ - September 1999",['Dave Matthews Band'],jam band,Aşk
"#36 - Live at Red Rocks Amphitheatre, Morrison, CO - August 1995",['Dave Matthews Band'],jam band,Mutluluk
#36ghost,['DR!FTWOOD'],,Mutluluk
#4,['Aphex Twin'],idm,Üzüntü
#41,['Dave Matthews Band'],jam band,Aşk
"#41 * - Live at the United Center, Chicago, IL - December 1998",['Dave Matthews Band'],jam band,Aşk
"#41 - Live at Continental Airlines Arena, East Rutherford, NJ - September 1999",['Dave Matthews Band'],jam band,Aşk
"#41 - Live at Luther College, Decorah, IA - February 1996","['Dave Matthews', 'Tim Reynolds']",,Aşk
"#41 - Live at Piazza Napoleone, Lucca, Italy - July 2009",['Dave Matthews Band'],jam band,Aşk
"#41 - Live at Radio City Music Hall, New York, NY - April 2007","['Dave Matthews', 'Tim Reynolds']",,Aşk
#5,['Hank Williams III'],outlaw country,Üzüntü
#513,['Sudan Archives'],alternative r&b,Aşk
#9 Dream,José González,indie folk,Aşk
#9 Dream,['R.E.M.'],jangle pop,Enerji
#9 Dream - Remastered 2010,['John Lennon'],christmas,Aşk
#Addicted,['Riverside'],progressive rock,Üzüntü
#Armageddon - Live,['AJJ'],folk punk,Aşk
#BAD,Skinny Fabulous,soca,Enerji
"#BDAY (feat. Chris Brown, Siya and Sage The Gemini)",Tank,r&b,Aşk
#Bad4Me,Etta Bond,uk r&b,Üzüntü
#Beautiful,Mariah Carey,christmas,Aşk
#Beautiful,"['Mariah Carey', 'Miguel']",christmas,Aşk
#Blessed,['Miss Cherry Delight'],riot grrrl,Mutluluk
#BrooklynBloodPop!,['SyKo'],hyperpop,Enerji
#ColdBlooded,Imperial;JOVANA K,frenchcore,Üzüntü
#Connected,He3b,afrobeats,Mutluluk
#Cookie Jar,Red Velvet,k-pop,Enerji
#FF0000 (untitled_0034),JOHNNASCUS,trap metal,Üzüntü
#FWYB,['Trey Songz'],r&b,Enerji
#Flashdrive,"['BXTH', 'Scky Rei', 'Infntlp']",,Mutluluk
#Freetag,['Kidd Keo'],trap,Enerji
#FriendZoneLive,['The Friendzone'],,Aşk
#Fuzzylittlecat,['Imagination Movers'],children's music,Mutluluk
#Fuzzylittlecat,Imagination Movers,children's music,Mutluluk
#GETITRIGHT,['Miley Cyrus'],,Enerji
#GRABMEABEER - Extended Mix,Wasted Penguinz,hardstyle,Enerji
#Ghosts,The Machine,hardstyle,Üzüntü
#Ghosts - Original Mix,The Machine,hardstyle,Üzüntü
#GirlsSpkOut,"['TAEYEON', 'CHANMINA']",k-pop,Mutluluk
#HoodLove,Jazmine Sullivan,r&b,Aşk
#ImSippinTeaInYoHood,XXXTENTACION,emo rap,Enerji
#Jetsgo,Curren$y,southern hip hop,Aşk
#LETSGO - Live,['Planetshakers'],worship,Enerji
#LITO,['Press Play'],cedm,Enerji
#LittleMissPerfect,['Alex G'],acoustic pop,Aşk
#MOOD,Daddex,emo rap,Mutluluk
#Mine (feat. Kevin Gates),Lil' Kim,east coast hip hop,Enerji
#Monkeybars,Eazy Mac,,Mutluluk
#MyWay - Radio Edit,Ran-D,hardstyle,Enerji
#NEWGOREORDER (feat. Malcolm McDowell),Borgore,dubstep,Enerji
#NeverUseTheInternetAgain,"['Homeboy Sandman', 'Edan']",east coast hip hop,Üzüntü
#NotRealLife,H2O,hardcore punk,Mutluluk
#OIMATEWTF,Capture,metalcore,Üzüntü
#One,['SADBOYMUSIC'],,Aşk
#Onelove,['Web Sheldon'],,Enerji
#PROUDCATOWNERREMIX,XXXTENTACION;Rico Nasty,emo rap,Üzüntü
#REDNEK,['Gord Bamford'],country,Mutluluk
#SELFIE,['The Chainsmokers'],,Enerji
#SINGItForJapan - Single Version,['My Chemical Romance'],emo,Üzüntü
#SameTeam,['Swoope'],christian hip hop,Aşk
#SundayFunday,['MAGIC!'],,Mutluluk
#Tweekay14 - Radio Version,Da Tweekaz,hardstyle,Enerji
#Tweekay16,Da Tweekaz,hardstyle,Aşk
#Twerkit,['Busta Rhymes'],east coast hip hop,Enerji
#Twerkit,Busta Rhymes,east coast hip hop,Enerji
#W W C,['The Main Squeeze'],retro soul,Enerji
#WCW,Devvon Terrell,,Sakinlik
#WHERESTHELOVE - Charity Single,['Black Eyed Peas'],,Aşk
#WW,['Dom Corleo'],rage rap,Enerji
#WhiteGirlVoice,Rajitheone,,Üzüntü
#Winning,That's Outrageous!,post-hardcore,Üzüntü
#YDIA,Zacardi Cortez,gospel,Mutluluk
#deep,Bo Burnham,comedy,Üzüntü
#dog #eat #dog #world,['Autumn!'],underground hip hop,Aşk
#doyalike,['kazeWIW'],,Aşk
#happy,['ero808'],bass house,Aşk
#icanteven,The Neighbourhood,,Üzüntü
#itsEazy,['Eazy Mac'],,Enerji
#itsEazy,['Eazy Mac'],,Enerji
#iwokeuplikethis,Butcher Babies,groove metal,Üzüntü
#longlivesteelo,Joey Bada$$,hip hop,Aşk
#miles,['skaiwater'],jersey club,Üzüntü
#sftw,['Autumn!'],underground hip hop,Aşk
#thatPOWER,"['will.i.am', 'Justin Bieber']",,Enerji
#with_you,D'avant,,Üzüntü
$,['Ty Dolla $ign'],trap soul,Enerji
$,Prince,funk,Mutluluk
$,['Ty Dolla $ign'],trap soul,Enerji
$$$,['Daniela Andrade'],,Aşk
$$$,['Eyka'],,Aşk
$$$,Vundabar,,Aşk
$$$,['XXXTENTACION'],emo rap,Aşk
$$$ - Remix,Saramalacara,hyperpop,Mutluluk
$$$ - with Matt Ox,"['XXXTENTACION', 'Matt Ox']",emo rap,Aşk
$1 One Vote!,The The,new wave,Aşk
"$1,000,000,000",Everyone Everywhere,midwest emo,Aşk
$10,Good Morning,lo-fi indie,Mutluluk
$10 Bill,['Cop Shoot Cop'],noise rock,Üzüntü
$100 Dollar Bill Y'all,Ice Cube,gangster rap,Mutluluk
$100 Groom,Paul Westerberg,power pop,Aşk
"$100,000 In Pennies",['Bobby Bare'],classic country,Aşk
"$100,000.00",['Trooper'],,Mutluluk
$1000 Bender,Get Dead,folk punk,Mutluluk
$1000 High Heel Shoes,Alice Cooper,glam rock,Aşk
$1000 Wedding,['Gram Parsons'],country rock,Üzüntü
$1000 Wedding - Remastered Version,['Gram Parsons'],country rock,Üzüntü
$150 / roll widdit,['Healy'],,Üzüntü
"$2,400,000",Bomb the Music Industry!,folk punk,Üzüntü
$20,boygenius,,Enerji
$20,['boygenius'],,Enerji
$20 Bill,Corporate Avenger,rap metal,Üzüntü
$20 Fine,['Jimi Hendrix'],psychedelic rock,Enerji
$20 Mints,['Niiice.'],midwest emo,Üzüntü
$2000 Guarantee,['Know The Score'],hardcore,Aşk
$29.00,['Tom Waits'],singer-songwriter,Üzüntü
$35,['The Aluminum Group'],,Üzüntü
$4.25$,['Happy Campers'],skate punk,Mutluluk
$4.95,['Lords Of Altamont'],garage rock,Aşk
$4.95,The Lords of Altamont,garage rock,Aşk
$5 Subtweet,Pool Kids,midwest emo,Enerji
$50 Dollars and a Flask of Crown,['Bleu Edmondson'],texas country,Mutluluk
"$50,000,000",Can't Swim,pop punk,Enerji
$500 Ounces,"['Westside Gunn', 'Freddie Gibbs', 'Roc Marciano']",,Aşk
$500 Ounces (feat. Freddie Gibbs & Roc Marciano),['Westside Gunn'],boom bap,Aşk
$7,Benjamin Dakota Rogers,southern gothic,Üzüntü
"$999,999 + $1= A Mealticket",['E-40'],hyphy,Aşk
$Dreams,Max Frost,,Mutluluk
$IP,"['Qveen Herby', 'Sonyae']",,Enerji
$Intro,['Ty Dolla $ign'],trap soul,Aşk
$Intro,['Ty Dolla $ign'],trap soul,Aşk
$Outh $Ide $Uicide,['$uicideboy$'],emo rap,Üzüntü
$TING,['The Neighbourhood'],,Aşk
$Uicider,$uicideboy$,emo rap,Üzüntü
$abundance$,['Kita Mahal'],,Sakinlik
$ave Dat Money (Jersey Club),Kyle Edwards;DJ Smallz 732,jersey club,Enerji
$ave Dat Money (feat. Fetty Wap & Rich Homie Quan),Lil Dicky;Fetty Wap;Rich Homie Quan,,Aşk
$ave Dat Money (feat. Fetty Wap & Rich Homie Quan),Lil Dicky,,Aşk
$ecret,['Goapele'],neo soul,Üzüntü
$even,['Yeek'],bedroom pop,Aşk
$hort Dog Wedding,['Too $hort'],hyphy,Mutluluk
$horty $tory,['Mir Fontane'],,Mutluluk
$money Mantra$,['Moonlight Scorpio'],,Aşk
$ouls in The City Part 2,A Certain Ratio,post-punk,Enerji
$outh $ide $uicide,"['$uicideBoy$', 'Pouya']",emo rap,Üzüntü
$outh $ide $uicide,"['$uicideBoy$', 'Pouya']",emo rap,Üzüntü
$tars and I feel alone,Vluestar,,Üzüntü
$uicideboy$ Were Better In 2015,$uicideboy$,emo rap,Üzüntü
$umn$light,['KA$HDAMI'],,Enerji
$weet n $our,K. Forest,trap soul,Mutluluk
"%%%% (feat. Lucki, Deezy)",Lil Tracy,emo rap,Aşk
&,['Tally Hall'],,Mutluluk
&,Pinegrove,midwest emo,Üzüntü
& Away We Go - WawMart Studios,['WawMart'],cloud rap,Aşk
& Down - Siriusmo vs Boys Noize Remix,Boys Noize,electro house,Enerji
& It Was U,How To Dress Well,alternative r&b,Aşk
& On & On & On,['Born Ruffians'],,Aşk
& She Drinks Tea Just for the Company,Edwin Raphael,,Üzüntü
&.,Le Youth,melodic house,Enerji
&Run,['Sir Sly'],,Aşk
&Run - K.Flay Remix,Sir Sly,,Aşk
&Z (feat. mizuki),SawanoHiroyuki[nZk],,Aşk
&burn (with Vince Staples),Billie Eilish,,Üzüntü
&burn (with Vince Staples),"['Billie Eilish', 'Vince Staples']",,Üzüntü
' Cello Song,Nick Drake,folk,Aşk
' Cello Song,['Nick Drake'],folk,Aşk
' Cello Song,Fontaines D.C.,post-punk,Üzüntü
'01: Have You Seen It in the Snow?,['The Magnetic Fields'],anti-folk,Üzüntü
'02: Be True to Your Bar,['The Magnetic Fields'],anti-folk,Aşk
'05 Ipod,['JZAC'],,Üzüntü
'05: Never Again,['The Magnetic Fields'],anti-folk,Aşk
"'06: ""Quotes""",['The Magnetic Fields'],anti-folk,Aşk
'12: You Can Never Go Back to New York,['The Magnetic Fields'],anti-folk,Mutluluk
'13: Big Enough for Both of Us,['The Magnetic Fields'],anti-folk,Aşk
'39,['Queen'],classic rock,Aşk
'39 - 2011 Mix,['Queen'],classic rock,Üzüntü
'39 - 2011 Mix,['Queen'],classic rock,Üzüntü
'39 - 2011 Mix,Queen,classic rock,Aşk
'39 - 2011 Mix,Queen,classic rock,Aşk
"'39 - Live At Earl’s Court, London / June 1977",['Queen'],classic rock,Üzüntü
'49 Mercury Blues,The Brian Setzer Orchestra,rockabilly,Mutluluk
'49 Mercury Blues - Live,Brian Setzer,rockabilly,Aşk
'52 Ford,Murder By Death,southern gothic,Mutluluk
'57 Chevrolet,['Billie Jo Spears'],classic country,Aşk
'59,['Brian Setzer'],rockabilly,Aşk
'59,Brian Setzer,rockabilly,Aşk
'59 Cadillac '57 Chevrolet,['David Allan Coe'],outlaw country,Aşk
'59 Volvo,['Emmy Lou and The Rhythm Boys'],rockabilly,Mutluluk
'64 aka Go,Lemon Jelly,downtempo,Üzüntü
'65 Love Affair,['Paul Davis'],yacht rock,Enerji
'65 Love Affair,['Paul Davis'],yacht rock,Enerji
'65 Love Affair,['Paul Davis'],yacht rock,Enerji
'65 Love Affair - Single Version,['Paul Davis'],yacht rock,Mutluluk
'66: Wonder Where I'm From,['The Magnetic Fields'],anti-folk,Aşk
'67 Pontiac Firebird,Good Tiger,djent,Üzüntü
'67: Come Back as a Cockroach,['The Magnetic Fields'],anti-folk,Enerji
'68 Fastback,['Zach Bryan'],country,Üzüntü
'68 Fastback - Live,Zach Bryan,country,Üzüntü
'68 aka Only Time,Lemon Jelly,downtempo,Enerji
'68: A Cat Called Dionysus,['The Magnetic Fields'],anti-folk,Aşk
'69 Corvette (feat. Mark O' Connor),Jonathan Wilson,neo-psychedelic,Üzüntü
'69: Judy Garland,['The Magnetic Fields'],anti-folk,Aşk
'70: They're Killing Children Over There,['The Magnetic Fields'],anti-folk,Üzüntü
'71 Charger,Loreen,europop,Üzüntü
'71: I Think I'll Make Another World,['The Magnetic Fields'],anti-folk,Üzüntü
'72 Winnebago,['Steve Moakler'],,Enerji
'72: Eye Contact,['The Magnetic Fields'],anti-folk,Üzüntü
'74 - '75 (feat. Susan Tyler) - Radio Edit,Paolo Pellegrino,latin house,Aşk
'74-'75,['The Connells'],jangle pop,Aşk
'74-'75,['The Connells'],jangle pop,Aşk
'74: No,['The Magnetic Fields'],anti-folk,Aşk
'75 aka Stay With You,Lemon Jelly,downtempo,Enerji
'75 aka Stay With You,['Lemon Jelly'],downtempo,Enerji
'75: My Mama Ain't,['The Magnetic Fields'],anti-folk,Mutluluk
'78: The Blizzard of '78,['The Magnetic Fields'],anti-folk,Mutluluk
'79,['Heavy Cream'],garage rock,Üzüntü
'79 aka The Shouty Track,Lemon Jelly,downtempo,Üzüntü
'79 aka The Shouty Track,Lemon Jelly,downtempo,Üzüntü
'81: How to Play the Synthesizer,['The Magnetic Fields'],anti-folk,Aşk
'82,Stone Sour,post-grunge,Aşk
'82: Happy Beeping,['The Magnetic Fields'],anti-folk,Mutluluk
'83 Wildin,['Edan'],experimental hip hop,Üzüntü
'83: Foxx and I,['The Magnetic Fields'],anti-folk,Enerji
'84: Danceteria!,['The Magnetic Fields'],anti-folk,Enerji
'85: Why I Am Not a Teenager,['The Magnetic Fields'],anti-folk,Mutluluk
'86 buick,['Pryde'],,Mutluluk
'86: How I Failed Ethics,['The Magnetic Fields'],anti-folk,Sakinlik
'87,The Bouncing Souls,punk,Mutluluk
'87: At the Pyramid,['The Magnetic Fields'],anti-folk,Üzüntü
'88 aka Come Down On Me,Lemon Jelly,downtempo,Üzüntü
'88 aka Come Down On Me,Lemon Jelly,downtempo,Üzüntü
'88: Ethan Frome,['The Magnetic Fields'],anti-folk,Aşk
'89: The 1989 Musical Marching Zoo,['The Magnetic Fields'],anti-folk,Aşk
'90: Dreaming in Tetris,['The Magnetic Fields'],anti-folk,Üzüntü
'90s Feel,['Jay Dutch'],,Aşk
'92 Subaru,Fountains Of Wayne,power pop,Enerji
'93,['Youngr'],,Mutluluk
'93,['Housecall'],,Mutluluk
'93 Heap,['Thin Lear'],baroque pop,Üzüntü
'93: Me and Fred and Dave and Ted,['The Magnetic Fields'],anti-folk,Mutluluk
'94 Till Infinity,['Selldretti'],,Aşk
'95 Tonight,['The Brand New Heavies'],acid jazz,Enerji
'95 aka Make Things Right,Lemon Jelly,downtempo,Aşk
'95 aka Make Things Right,Lemon Jelly,downtempo,Aşk
'96 Flow,['Trajik'],crunk,Üzüntü
'96 Neve Campbell,"['clipping.', 'Cam & China']",experimental hip hop,Aşk
'97,Femi Kuti,afrobeat,Aşk
'97 Hov,['Benny The Butcher'],boom bap,Mutluluk
'98 Freestyle,['Big L'],east coast hip hop,Mutluluk
'98 To Piano,Forze DJ Team,gabber,Enerji
'98 To Piano,Forze DJ Team,gabber,Enerji
'99 Benz,A Story Told,,Mutluluk
'A' Bomb In Wardour Street,['The Jam'],punk,Üzüntü
"'B' Movie (Intro, Poem, Song)",['Gil Scott-Heron'],spoken word,Üzüntü
'Bout It,JMSN,alternative r&b,Üzüntü
'Bout It (feat. 3LW),"['Yung Joc', '3LW']",crunk,Aşk
'Bout It (feat. Daniel James & Benjamin O),"['Jeremy Zucker', 'Daniel James ', 'Benjamin O']",,Enerji
'Bout That Time,['Large Professor'],jazz rap,Aşk
'Bout Time,['Louis Armstrong'],jazz,Mutluluk
'Cause Cheap Is How I Feel,['Cowboy Junkies'],alt country,Aşk
'Cause Cheap Is How I Feel,Cowboy Junkies,alt country,Aşk
'Cause Cheap Is How I Feel - Live,['Cowboy Junkies'],alt country,Aşk
'Cause I Love You,['Lenny Williams'],quiet storm,Aşk
'Cause I Love You,['Johnny Cash'],classic country,Mutluluk
'Cause I Love You,['Johnny Cash'],classic country,Mutluluk
'Cause I Love You,['Carla Thomas'],,Aşk
'Cause I Sez So,New York Dolls,proto-punk,Aşk
'Cause I'm A Man,['Tame Impala'],neo-psychedelic,Aşk
'Cause I'm a Liar (Kokichi Oma fan song),['Mcki Robyns-P'],vocaloid,Aşk
'Cause It's Love (Saint Parallelogram),"['Robyn Hitchcock', 'The Venus 3']",neo-psychedelic,Aşk
'Cause Of You,"['Secret Garden', 'Cathrine Iversen', 'Espen Grjotheim']",new age,Aşk
'Cause of You,['Ricardo Ignacio'],,Üzüntü
'Cello Song,Nick Drake,folk,Üzüntü
'Cept You & Me Babe,Greg Brown,americana,Aşk
'Cross The Room,['Monica'],r&b,Mutluluk
'Cross the Breeze (Album Version),['Sonic Youth'],noise rock,Üzüntü
'Cross the Breeze (Album Version),['Sonic Youth'],noise rock,Üzüntü
'Cross the Breeze (Live),['Sonic Youth'],noise rock,Üzüntü
'Cross the Green Mountain - from 'Gods and Generals' OST,['Bob Dylan'],folk rock,Üzüntü
'Cuz I Can,['P!nk'],,Enerji
'Cuz I'm Here,Ruthie Foster,blues,Aşk
'Deed I Do,"['Les Paul', 'Mary Ford']",,Üzüntü
'Deed I Do,['Billie Holiday'],jazz,Aşk
'Deed I Do,['Ella Fitzgerald'],vocal jazz,Aşk
'Deed I Do,['Peggy Lee'],vocal jazz,Mutluluk
'Deed I Do,Blossom Dearie,french jazz,Aşk
'Deed I Do,['Blossom Dearie'],french jazz,Aşk
'Deed I Do,Lena Horne,vocal jazz,Aşk
'Deed I Do,['Peggy Lee'],vocal jazz,Aşk
'Deed I Do,['Rosemary Clooney'],vocal jazz,Mutluluk
'Deed I Do - Remastered 1993,['Nat King Cole Trio'],vocal jazz,Mutluluk
'Dozer Rage,['Latterman'],melodic hardcore,Aşk
'Flawless' Do It Well Pt. 3 (feat. Summer Walker),"['dvsn', 'Summer Walker']",trap soul,Aşk
'Frisco Depot,['Mickey Newbury'],outlaw country,Üzüntü
'Frisco Town,Memphis Minnie,blues,Mutluluk
'Ho Stopper,Afroman,,Mutluluk
'Hop Stomp',When Chai Met Toast,indian indie,Enerji
"'Ille Dhuinn, 'S Toigh Leam Thu",['Julie Fowlis'],celtic,Üzüntü
'Lectric Lover,['Hunter Revenge'],,Mutluluk
'Merican,['Descendents'],punk,Aşk
'Minecraft' ft. Peter & Evynne Hollens,"['Peter Hollens', 'Evynne Hollens']",,Aşk
'Neath A Cold Gray Tomb Of Stone,Hank Williams,classic country,Üzüntü
'Need Your Love,['Hobbit'],thai rock,Aşk
'O sole mio - Live in Matera,Il Volo,opera,Aşk
'Roni Got Me Stressed Out,['Chromeo'],nu disco,Mutluluk
'Round And 'Round (Merry Go 'Round Of Love),Guy,new jack swing,Aşk
'Round Here,['Sawyer Brown'],classic country,Mutluluk
'Round Here,"['Shing02', 'Jack The Rip']",j-rap,Enerji
'Round Midnight,['Sun Ra'],free jazz,Aşk
'Round Midnight,['Thelonious Monk'],jazz,Aşk
'Round Midnight,['Sun Ra'],free jazz,Aşk
'Round Midnight,Karrin Allyson,vocal jazz,Aşk
'Round Midnight,Amy Winehouse,,Üzüntü
'Round Midnight,['Betty Carter'],vocal jazz,Aşk
'Round Midnight,['Julie London'],vocal jazz,Aşk
'Round Midnight,['Big Sugar'],,Aşk
'Round Midnight,['Kenny Rankin'],,Aşk
'Round Midnight,"['Adam Blackstone', 'Jazmine Sullivan']",vocal jazz,Üzüntü
'Round Midnight - Alternative Version,['Carmen McRae'],vocal jazz,Aşk
"'Round Midnight - Live At The Five Spot / July 9, 1958",['Thelonious Monk Quartet'],jazz,Aşk
'Round Midnight - Remastered 2001,['Carmen McRae'],vocal jazz,Aşk
'Round Midnight - Take 2,['Thelonious Monk'],jazz,Aşk
'Round Midnight - Take 2,['Thelonious Monk'],jazz,Aşk
'Round Midnight - Take 2,['Thelonious Monk'],jazz,Aşk
'Round and 'Round,Dear Nora,anti-folk,Mutluluk
'S Wonderful,Christine Ebersole,musicals,Üzüntü
'S Wonderful,['John Pizzarelli'],vocal jazz,Aşk
'S Wonderful,['João Gilberto'],bossa nova,Aşk
'S Wonderful,['Sarah Vaughan'],vocal jazz,Aşk
'S Wonderful,['Frank Sinatra'],christmas,Aşk
'S Wonderful,['Les Brown'],big band,Aşk
'S Wonderful,['Fred Astaire'],big band,Sakinlik
'S Wonderful,['Artie Shaw'],big band,Aşk
'S Wonderful,['Diana Krall'],vocal jazz,Aşk
'S Wonderful,['João Gilberto'],bossa nova,Aşk
'S Wonderful,"['Gene Kelly', 'Georges Guétary']",musicals,Aşk
'S Wonderful,['Ella Fitzgerald'],vocal jazz,Üzüntü
'S Wonderful,Tony Bennett,vocal jazz,Sakinlik
'S Wonderful,Brandon Uranowitz,musicals,Üzüntü
'S Wonderful,"['Gene Kelly', 'Georges Guétary']",musicals,Aşk
'S Wonderful,"['Fred Astaire', 'Audrey Hepburn']",big band,Üzüntü
'S Wonderful,['Julie London'],vocal jazz,Sakinlik
'S Wonderful (Bonus Track),Kat Edmonson,vocal jazz,Aşk
'S Wonderful (feat. Dave Grusin),"['Rod Stewart', 'Dave Grusin']",soft rock,Üzüntü
'S Wonderful - Re-Recording,['The BBC Big Band Orchestra'],big band,Aşk
'S Wonderful - Reprise; Outtake,['Gene Kelly'],musicals,Sakinlik
'S Wonderful / They Can't Take That Away From Me,"[""Anita O'Day""]",vocal jazz,Aşk
'S Wonderful / They Can't Take That Away From Me,Anita O'Day,vocal jazz,Sakinlik
"'Scuse Me, Miss Rose",['The West Coast Pop Art Experimental Band'],psychedelic rock,Mutluluk
'Song',German Error Message,slowcore,Üzüntü
'Sons of Scotland' [Braveheart - Original Sound Track],Mel Gibson,soundtrack,Üzüntü
"'Stor, A Stor, A Ghra",Altan,celtic,Mutluluk
'Swonderful,"['Lee Wiley', 'Billy Butterfield', 'Joe Bushkin', 'Mort Stuhlmaker', 'George Wettling']",vocal jazz,Aşk
'T Ain't What You Do,['Jimmie Lunceford'],swing music,Mutluluk
'T',['Rubella Ballet'],deathrock,Üzüntü
'Tain't Nobody's Biz'ness If I Do,['Jay McShann'],blues,Üzüntü
'Tain't Nobody's Biz-Ness If I Do,['Fats Waller'],swing music,Mutluluk
'Tain't Nobody's Biz-ness If I Do,"['Lou Rawls', 'Les McCann Ltd.']",philly soul,Aşk
'Tain't Nobody's Bizness If I Do,['Bessie Smith'],classic blues,Üzüntü
'Tain't What You Do,['Swing Republic'],electro swing,Enerji
'Taint Nobody's Bizness If I Do,Fats Waller,swing music,Mutluluk
'The Anatomy of a Nervous Breakdown': On the Sideline,ReVamp,symphonic metal,Aşk
'The Anatomy of a Nervous Breakdown': The Limbic System,ReVamp,symphonic metal,Aşk
'Til All The Lonely's Gone,['Pam Tillis'],classic country,Enerji
'Til Dawn,Nu:Tone,liquid funk,Mutluluk
'Til Death,Obituary,death metal,Üzüntü
'Til Death (Live),['Obituary'],death metal,Üzüntü
'Til Death Do Us Part,['Dolly Parton'],country,Üzüntü
'Til Him,"['Various Artists', 'Mel Brooks']",,Üzüntü
'Til Him,Nathan Lane;Matthew Broderick;The Producers Ensemble,,Üzüntü
'Til I Can Make It On My Own,['Martina McBride'],country,Üzüntü
'Til I Can Make It On My Own,['Tammy Wynette'],classic country,Üzüntü
'Til I Can Make It On My Own,['Martina McBride'],country,Üzüntü
'Til I Can Make It On My Own,"['Kenny Rogers', 'Dottie West']",country,Üzüntü
'Til I Can Make It On My Own,['Tammy Wynette'],classic country,Üzüntü
'Til I Can Make It On My Own,['Billy Gilman'],,Üzüntü
'Til I Can Make It On My Own - Single Version,['Tammy Wynette'],classic country,Üzüntü
'Til I Can Make It on My Own,Tammy Wynette,classic country,Üzüntü
'Til I Can't Take It Anymore,['Charlie Rich'],classic country,Aşk
'Til I Die,The Beach Boys,baroque pop,Üzüntü
'Til I Die - Remastered 2009,['The Beach Boys'],baroque pop,Üzüntü
'Til I Fell in Love with You - 2022 Remix,Bob Dylan,folk rock,Aşk
"'Til I Fell in Love with You - Live in Buenos Aires, Argentina - April 5, 1998",Bob Dylan,folk rock,Aşk
'Til I Fell in Love with You - Version 1,Bob Dylan,folk rock,Üzüntü
'Til I Fell in Love with You - Version 2,Bob Dylan,folk rock,Aşk
'Til I Fell in Love with You - Version 3,Bob Dylan,folk rock,Aşk
'Til I Find You,['Dean Martin'],christmas,Aşk
'Til I Found You,['Freestyle'],opm,Üzüntü
'Til I Gain Control Again (Interview),['Rodney Crowell'],americana,Sakinlik
'Til I Get It Right,['Tammy Wynette'],classic country,Aşk
'Til I Get It Right,"['John Doe', 'The Sadies']",alt country,Aşk
'Til I Get It Right,Tammy Wynette,classic country,Aşk
'Til I Get Over You,Michelle Branch,,Üzüntü
'Til I Hurt You,['Larry Carlton'],smooth jazz,Aşk
'Til I Hurt You,['Larry Carlton'],smooth jazz,Aşk
'Til I Hurt You,['Larry Carlton'],smooth jazz,Aşk
'Til I Hurt You,['Larry Carlton'],smooth jazz,Aşk
'Til I Loved You,['Restless Heart'],classic country,Aşk
'Til I Met Thee - Radio Edit,Cody Chesnutt,neo soul,Mutluluk
'Til I Reach Home,['Robin Trower'],blues rock,Aşk
'Til I Say So,['3LW'],,Enerji
'Til I See You - Live,Hillsong UNITED,worship,Aşk
'Til I'm Done,['Paloma Faith'],,Enerji
'Til I'm Laid To Rest,['Buju Banton'],reggae,Enerji
'Til I'm Laid To Rest,Buju Banton,reggae,Enerji
'Til It Does,"['Randy Rogers', 'Wade Bowen']",texas country,Aşk
'Til It Runs Dry,['Holly Williams'],americana,Üzüntü
'Til It's Over,The Secret Sisters,southern gothic,Üzüntü
'Til Love Comes Again,Reba McEntire,country,Aşk
'Til My Baby Comes Home,Luther Vandross,quiet storm,Aşk
'Til My Baby Comes Home,['Luther Vandross'],quiet storm,Aşk
'Til My Baby Comes Home,Fantasia,r&b,Aşk
'Til My Back Ain't Got No Bone,['Albert King'],blues,Mutluluk
'Til Nothing Comes Between Us,John Michael Montgomery,country,Üzüntü
'Til Summer Comes Around,['Keith Urban'],country,Enerji
'Til Sunrise,Jon Langston,country,Aşk
'Til The Anarchy's Restored,Flogging Molly,celtic punk,Üzüntü
'Til The Bars Burn Down,['JD Souther'],country rock,Enerji
'Til The Dawn,['Drew Sidora'],,Aşk
'Til The Dawn (feat. Suga Free & Bosko),"['E-40', 'Suga Free', 'Bosko']",hyphy,Mutluluk
'Til The Day After,Emitt Rhodes,baroque pop,Üzüntü
'Til The Day I Die,['Third Day'],christian,Aşk
'Til The Early Morning,['Vic Ruggiero'],ska,Aşk
'Til The End,Jeremy Camp,christian,Mutluluk
'Til The End Of Time,The Damned,punk,Üzüntü
'Til The Heartache's Gone,Diamond Rio,classic country,Üzüntü
'Til The Joint Rolled,Boogie T,riddim,Enerji
'Til The Joint Rolled,Boogie T,riddim,Enerji
'Til The Lights Go Out,['Hellbound Glory'],outlaw country,Enerji
'Til The Morning,Keith Sweat,new jack swing,Enerji
'Til The Season Comes 'Round Again,['Kenny Rogers'],country,Aşk
'Til The Storm Passes By,['Gaither Vocal Band'],southern gospel,Üzüntü
'Til These Dreams Come True,['Buck Owens'],classic country,Mutluluk
'Til They Take My Heart Away,['Clair Marlo'],,Aşk
'Til Tomorrow,['Marvin Gaye'],motown,Aşk
'Til Tomorrow,['Marvin Gaye'],motown,Aşk
'Til We Die,['Slipknot'],nu metal,Savaş
'Til You And Your Lover Are Lovers Again,['Engelbert Humperdinck'],,Aşk
'Til You Can't,Cody Johnson,texas country,Aşk
'Til You Can't,Cody Johnson,texas country,Aşk
'Til You Can't,Cody Johnson,texas country,Aşk
'Til You Can't,Cody Johnson,texas country,Aşk
'Til You Can't,['Cody Johnson'],texas country,Aşk
'Til You Can't,Cody Johnson,texas country,Aşk
'Til You Can't,Cody Johnson,texas country,Aşk
'Til You Come By Here,['Fruition'],newgrass,Aşk
'Til You Do Me Right,After 7,new jack swing,Aşk
'Til You Do Me Right,['After 7'],new jack swing,Aşk
'Til You're Mine,['Alexandra Savior'],,Mutluluk
'Til Your Fool Comes Home,James Hunter,retro soul,Mutluluk
'Til a Tear Becomes a Rose,"['Lorrie Morgan', 'Keith Whitley']",classic country,Aşk
'Til a Tear Becomes a Rose,"['Lorrie Morgan', 'Keith Whitley']",classic country,Aşk
'Til a Woman Comes Along,['Chris Janson'],country,Enerji
'Til the City's On Fire,311,reggae rock,Aşk
'Til the Cows Come Home,['Prefab Sprout'],,Üzüntü
'Til the Cows Come Home,['Prefab Sprout'],,Üzüntü
'Til the Last Drop of Blood,['Theatres Des Vampires'],gothic metal,Üzüntü
'Til the Meat Falls off the Bone,Nashville Pussy,psychobilly,Aşk
'Til the Next (eyes),Esperanza Spalding,vocal jazz,Üzüntü
'Til the Pigs Come Round,['Subhumans'],punk,Üzüntü
'Till Forever,['Labi Siffre'],,Aşk
'Till I Can Walk,['From Indian Lakes'],,Üzüntü
'Till I Get There,['Lupe Fiasco'],,Mutluluk
'Till I Get You Back,['Hobbit'],thai rock,Enerji
'Till Kingdom Come,Dead Meadow,stoner rock,Üzüntü
'Till The Rivers All Run Dry,['Don Williams'],classic country,Üzüntü
'Till The Rivers All Run Dry,Don Williams,classic country,Aşk
'Till There Was You,['Rod Stewart'],soft rock,Üzüntü
'Till the Death of Me,['blessthefall'],metalcore,Üzüntü
'Till the Morning Comes,Roberta Flack,adult standards,Mutluluk
'Tis Autumn,['Nat King Cole Trio'],vocal jazz,Üzüntü
'Tis Autumn,"['Stacey Kent', 'David Newton', 'Jim Tomlinson', 'Dave Chamberlain', 'Matt Home']",french jazz,Üzüntü
"'Tis Harry I'm Plannin' to Marry (From ""Calamity Jane"")",['Doris Day with Orchestra & Vocal Quartet'],adult standards,Mutluluk
'Tis So Sweet,['Shea Norman'],gospel r&b,Üzüntü
'Tis So Sweet,['Hawk Nelson'],christian rock,Üzüntü
'Tis So Sweet,Jim Brickman,new age,Mutluluk
'Tis So Sweet,Commissioned,gospel,Üzüntü
'Tis So Sweet To Trust In Jesus,['Matthew Smith'],christian folk,Aşk
'Tis So Sweet To Trust In Jesus,['Alan Jackson'],country,Sakinlik
'Tis So Sweet To Trust In Jesus,['Phillip Keveren & Anthony LaMarchina'],,Mutluluk
'Tis So Sweet To Trust In Jesus,The Martins,southern gospel,Mutluluk
'Tis So Sweet To Trust In Jesus,['Casting Crowns'],christian,Sakinlik
'Tis a Pity She Was a Whore,['David Bowie'],glam rock,Aşk
'Tis so Sweet,['Gordon Mote'],southern gospel,Üzüntü
'Tis so Sweet to Trust in Jesus,Mark Trammell Quartet,southern gospel,Üzüntü
'Tis the Season,Mary Mary,gospel,Mutluluk
'Twas The Night Before Christmas,['Aretha Franklin'],soul,Üzüntü
'Twas The Night Before Christmas,Aretha Franklin,soul,Aşk
'Twas the Night After Christmas,Jeff Foxworthy,comedy,Aşk
'Twas the Night Before Christmas,['Sing n Play'],children's music,Üzüntü
'Twas the Night Before Christmas,['Sarantos'],,Üzüntü
"'Zat You, Santa Claus?",['The Muppets'],,Aşk
"'Zat You, Santa Claus? - Single Version","['Ella Fitzgerald', 'Louis Armstrong']",jazz,Mutluluk
"'Zat You, Santa Claus? - Single Version",Louis Armstrong;The Commanders,jazz,Mutluluk
"'Zat You, Santa Claus? - Single Version",Louis Armstrong;The Commanders,jazz,Mutluluk
"'Zat You, Santa Claus? - Single Version",Louis Armstrong;The Commanders,jazz,Mutluluk
"'Zat You, Santa Claus? - Single Version",Louis Armstrong;The Commanders,jazz,Mutluluk
"'Zat You, Santa Claus? - Single Version",Louis Armstrong,jazz,Mutluluk
"'Zat You, Santa Claus? - Single Version",['Louis Armstrong'],jazz,Mutluluk
"'Zat You, Santa Claus? - Single Version",Louis Armstrong;The Commanders,jazz,Mutluluk
"'Zat You, Santa Claus? - Single Version",Louis Armstrong;The Commanders,jazz,Mutluluk
's Wonderful,['Stacey Kent'],french jazz,Üzüntü
's Wonderful,['Stacey Kent'],french jazz,Üzüntü
'sblood,['Inter Arma'],sludge metal,Üzüntü
'sí Do Mhaimeo í,"['Michael McGlynn', 'Anúna']",celtic,Üzüntü
'tain't What You Do,['Annie Ross'],vocal jazz,Aşk
'til Death Do Us Part,The Creepshow,psychobilly,Üzüntü
'til My Mojo Works,The Peawees,power pop,Mutluluk
'til The End Of The World Rolls 'round,['Old & In The Way'],bluegrass,Aşk
'twas in the Moon of Wintertime(the Huron Christmas Carol),Jesse Brown,neoclassical,Mutluluk
"'zat You, Santa Claus?",['Abney Park'],,Aşk
( Diamond ),Jonny Craig,post-hardcore,Üzüntü
( What A) Wonderful World,"[""Herman's Hermits""]",,Enerji
('Til) I Kissed You,['The Everly Brothers'],doo-wop,Mutluluk
('Til) I Kissed You,The Everly Brothers,doo-wop,Aşk
('Til) I Kissed You - (Single Version) [Remastered 2006],The Everly Brothers,doo-wop,Mutluluk
"('Til) I Kissed You - Live at the Grand Hotel, Anaheim, CA, February 6, 1970",['The Everly Brothers'],doo-wop,Aşk
(((louds,He Is Legend,post-hardcore,Üzüntü
(-),['Crippled Black Phoenix'],post-rock,Üzüntü
(---) Pt. 3,['Swans'],noise rock,Mutluluk
(---) Pt. 4,['Swans'],noise rock,Üzüntü
(......棕髮少女)(feat. 小野麗莎),吳青峰;Lisa Ono,mandopop,Üzüntü
(2 Lakes),['Mount Eerie'],slowcore,Mutluluk
(2 Moons),['Mount Eerie'],slowcore,Sakinlik
(2 Mountains),['Mount Eerie'],slowcore,Aşk
(301)341-7207,dreamcastmoe,,Enerji
-333,['selki girl'],,Üzüntü
"(515) - Live in London, 2002",Slipknot,nu metal,Aşk
(562) 453-9382 - Skit,Vince Staples,,Mutluluk
(773) 509-8000,['Binary'],screamo,Aşk
(A Bit of a) Birthday,Heavy Lungs,post-punk,Aşk
(A Departure of the Sun) Ignite the Tesla Coil,Decrepit Birth,death metal,Üzüntü
(A Man's Gotta Know His Limitations) Briggs,"['Robyn Hitchcock', 'The Venus 3']",neo-psychedelic,Üzüntü
(A Place To) Hide Away,['Carpenters'],christmas,Üzüntü
(A Rhyme) This Time,['Al Jarreau'],yacht rock,Üzüntü
(A Shimmering Radiance) Diadem of 12 Stars,['Wolves In The Throne Room'],black metal,Üzüntü
(A Treatise on the Practical Methods Whereby One Can) Worship the Lords,Lords Of Acid,industrial,Üzüntü
(A)tension,Versus Me,metalcore,Aşk
"(Ah, the Apple Trees) When the World Was Young",['Aretha Franklin'],soul,Üzüntü
(Ain't Nothin' but A) House Party,['The J. Geils Band'],classic rock,Aşk
(Ain't Nothin' but A) House Party,['The J. Geils Band'],classic rock,Aşk
(Ain't Nothin' but A) House Party - Live,['The J. Geils Band'],classic rock,Aşk
(Ain't That) Good News,['Sam Cooke'],motown,Mutluluk
(Ain't That) Good News,['Sam Cooke'],motown,Mutluluk
(Ain't That) Good News,The Supremes,motown,Mutluluk
(Ain't That) Good News,['Sam Cooke'],motown,Mutluluk
(Ain't That) Good News,['Sam Cooke'],motown,Mutluluk
(Ain't That) Just Like Me,The Coasters,doo-wop,Mutluluk
(All Afternoon) In Love,['The Vaccines'],indie,Aşk
(All Hopes of a New Day)...Extinguished,['Lord Dying'],sludge metal,Aşk
(All I Can Do Is) Dream You,['Roy Orbison'],rockabilly,Mutluluk
(All I Can Do Is) Dream You - Live,Roy Orbison,rockabilly,Enerji
(All Of A Sudden) My Heart Sings,['Paul Anka'],adult standards,Aşk
(Ambient) Raspberry Swirl (Scarlet Spectrum Feels Version),['Tori Amos'],singer-songwriter,Üzüntü
(An Ode To A) Silent Lover,['Dark Project'],indian indie,Üzüntü
(Ana Bekoach) אנא בכוח,['Various Artists'],,Üzüntü
(And She Said) Take Me Now,['Justin Timberlake'],,Mutluluk
(Angel On My Mind) That's Why I'm Walkin',['Ricky Skaggs'],bluegrass,Aşk
(Another Song) All Over Again,['Justin Timberlake'],,Üzüntü
(Another Song) All Over Again,Justin Timberlake,,Üzüntü
(Another) 251,['Mustard Service'],,Üzüntü
(Antichrist Television Blues),['Arcade Fire'],baroque pop,Mutluluk
(Anything) You Choose,Sherwood,pop punk,Aşk
(Are You Ready) Do the Bus Stop,['Fatback Band'],funk,Mutluluk
(Are You Ready) Do the Bus Stop - Joey Negro London Bus Stop Mix,Fatback Band,funk,Mutluluk
(Are You) Happy?,['Reagan Youth'],hardcore punk,Aşk
(Are we not drawn onward to) NEW ERA,Destroy Rebuild Until God Shows,post-hardcore,Aşk
(Arrival),['Nico & Vinz'],,Üzüntü
(At Your Best) You Are Love,['The Isley Brothers'],motown,Aşk
(At Your Best) You Are Love,['The Isley Brothers'],motown,Aşk
(B) The Decade Of Statues,Between The Buried And Me,progressive metal,Üzüntü
(B) The Decade Of Statues - 2020 Remix / Remaster,Between The Buried And Me,progressive metal,Üzüntü
(BACK HOME AGAIN IN) INDIANA,['Louis Armstrong'],jazz,Mutluluk
(BALLAD OF) THE HIP DEATH GODDESS,['Ultimate Spinach'],psychedelic rock,Aşk
(Baby I've Got You) On My Mind,['Powderfinger'],,Mutluluk
(Baby Wants To) Tame Me,['Local H'],grunge,Aşk
(Baby) Hold On,['The James Hunter Six'],retro soul,Mutluluk
(Baby) Hold On,The James Hunter Six,retro soul,Mutluluk
(Baby) I want you gone,['Agnes'],swedish pop,Aşk
(Baby) You Got What It Takes,Buddy Guy,blues,Mutluluk
"(Baby, Baby) I Can't Take It No More",Tommy James & The Shondells,,Mutluluk
(Back Home Again In) Indiana,['Louis Armstrong'],jazz,Mutluluk
(Back Home Again in) Indiana - Live,['Louis Armstrong'],jazz,Aşk
(Back To) The Medicine Cabinet,The Bombpops,skate punk,Üzüntü
(Back to the) Heartbreak Kid,['Restless Heart'],classic country,Aşk
(Back to the) Heartbreak Kid,['Restless Heart'],classic country,Aşk
(Beat By) Jealousy,['Heart'],classic rock,Aşk
(Because) It's Christmastime,Chicago,yacht rock,Mutluluk
(Because) It's Christmastime,Chicago,yacht rock,Mutluluk
(BedHead),['Jay Som'],dream pop,Üzüntü
(Believed You Were) Lucky,"[""'Til Tuesday""]",new wave,Enerji
(Bonus Track) So Deep,['Styles P'],east coast hip hop,Aşk
(Bonus) Rolex,RiFF Raff & DOLLABiLLGATES,,Üzüntü
(Bonus) Sid The Kid,"['Deaton Chris Anthony', 'Korbin In Orbit']",,Enerji
(Bonus) Sleepless in Seattle,RiFF Raff & DOLLABiLLGATES,,Enerji
(Break) In Case Of...,Area 11,,Aşk
(Brother Bill) Last Clean Shirt,Gov't Mule,southern rock,Aşk
(But Then) She Spoke,The Vandals,punk,Aşk
(Call On) the Attacker,['Attacker'],speed metal,Aşk
(Can We Be Friends?),['Conan Gray'],,Üzüntü
(Can't Be) Fixed,Spineshank,nu metal,Üzüntü
(Can't Get My) Head Around You,['The Offspring'],punk,Aşk
(Can't Get My) Head Around You,['The Offspring'],punk,Mutluluk
(Can't Live Without Your) Love And Affection,['Various Artists'],glam metal,Aşk
(Can't Live Without Your) Love And Affection,Nelson,glam metal,Aşk
(Can't Live Without Your) Love And Affection - Remastered 2017,['Nelson'],glam metal,Aşk
(Can't Remember) How We Used To Be,ELLEGARDEN,melodic hardcore,Üzüntü
(Can't You) Trip Like I Do,"['Filter', 'The Crystal Method']",industrial rock,Üzüntü
(Can't You) Trip Like I Do,['Various Artists'],industrial rock,Üzüntü
(Can't You) Trip Like I Do,"['Filter', 'The Crystal Method']",industrial rock,Üzüntü
(Can't You) Trip Like I Do - 2009 Remastered Version,Filter,industrial rock,Üzüntü
(Can't) Turn Away From Dying,Crowbar,sludge metal,Üzüntü
(Castle) Numbskull,Iron Chic,punk,Aşk
(Clara) St. Kitts Woman,['Taj Mahal'],blues,Üzüntü
(Closest Thing To) Perfect,Jermaine Jackson,,Enerji
(Coffee's For Closers),['Fall Out Boy'],emo,Üzüntü
(Come 'Round Here) I'm The One You Need,Smokey Robinson & The Miracles,motown,Mutluluk
(Come 'Round Here) I'm The One You Need,['Smokey Robinson & The Miracles'],motown,Mutluluk
(Come 'Round Here) I'm The One You Need,['The Jackson 5'],motown,Aşk
(Come 'Round Here) I'm The One You Need - Album Version / Stereo,Smokey Robinson & The Miracles,motown,Mutluluk
(Come On In) The Whiskey's Fine,Mark Chesnutt,classic country,Aşk
(Compassion) As Skull Fragments On The Wall,Boysetsfire,post-hardcore,Üzüntü
(Crazy for You But) Not That Crazy,['The Magnetic Fields'],anti-folk,Aşk
(Cult)uralist,Whitechapel,deathcore,Üzüntü
(D.J.) Wake Up,['Snoop Dogg'],g-funk,Enerji
(D.J.) Wake Up,['Snoop Dogg'],g-funk,Enerji
(DEAD)WEIGHT,Saltwound,deathcore,Üzüntü
(Damn These) Hungry Times,['Cousteau'],baroque pop,Aşk
(Dance With The) Guitar Man,['Duane Eddy'],surf rock,Enerji
(Dancin’) On A Saturday Night,['Barry Blue'],glam rock,Enerji
(Dandelion),['Imaad Wasif'],stoner rock,Üzüntü
(David Bowie I Love You) Since I Was Six,['The Brian Jonestown Massacre'],neo-psychedelic,Üzüntü
(Dawning of A) New Era - 2002 Remaster,The Specials,ska,Mutluluk
(Dawning of A) New Era - 2015 Remaster,['The Specials'],ska,Mutluluk
"(Dawning of A) New Era - BBC in Concert: Live at Paris Theatre, 15 December 1979",The Specials,ska,Mutluluk
"(Dawning of A) New Era - BBC in Concert: Live at Paris Theatre, 15 December 1979",The Specials,ska,Mutluluk
(Dead But Dreaming) For Her Light,Fields Of The Nephilim,gothic rock,Üzüntü
(Deep) Frozen - 2016 Remaster; Remastered,['Delain'],symphonic metal,Üzüntü
(Did You Ever Get) That Feeling in the Moonlight?,['Helen Forrest with Tennessee Ernie Ford'],,Mutluluk
(Dis)Connected,Betraying The Martyrs,metalcore,Üzüntü
(Do Not) Stand In The Shadows,['Billy Idol'],,Mutluluk
(Do The) Instant Mash,['Joe Jackson'],new wave,Mutluluk
(Do The) Push And Pull - Pt. 1,['Rufus Thomas'],classic soul,Mutluluk
(Do You Get) Excited?,['Roxette'],swedish pop,Aşk
(Do You Love Me) Just Say Yes,['Highway 101'],classic country,Aşk
(Do You Remember) The Saturday Gigs? - Alternate Version,['Mott The Hoople'],glam rock,Üzüntü
(Do You Remember) The Saturday Gigs? - Alternate Version,['Mott The Hoople'],glam rock,Üzüntü
(Do the) Post-Modernist Ska,['Johnny Socko'],ska punk,Mutluluk
(Do)Minion,Eluveitie,folk metal,Üzüntü
(Dolce et Decorum est) Pro Patria Mori,Ragnarok,black metal,Üzüntü
(Don't Fear) The Reaper,['Blue Öyster Cult'],classic rock,Üzüntü
(Don't Fear) The Reaper,['Blue Öyster Cult'],classic rock,Üzüntü
(Don't Fear) The Reaper,['Blue Öyster Cult'],classic rock,Üzüntü
(Don't Fear) The Reaper,Blue Öyster Cult,classic rock,Üzüntü
(Don't Fear) The Reaper,Caesars,,Üzüntü
(Don't Fear) The Reaper,HIM,gothic metal,Üzüntü
(Don't Fear) The Reaper,['Blue Öyster Cult'],classic rock,Üzüntü
(Don't Fear) The Reaper,['Blue Öyster Cult'],classic rock,Üzüntü
(Don't Fear) The Reaper,['Blue Öyster Cult'],classic rock,Üzüntü
(Don't Fear) The Reaper,['Blue Öyster Cult'],classic rock,Üzüntü
(Don't Fear) The Reaper,['Blue Öyster Cult'],classic rock,Üzüntü
(Don't Fear) The Reaper - Demo - 1975,['Blue Öyster Cult'],classic rock,Üzüntü
(Don't Fear) The Reaper - Live,['Blue Öyster Cult'],classic rock,Üzüntü
(Don't Fear) The Reaper - Live,['Blue Öyster Cult'],classic rock,Üzüntü
(Don't Fear) The Reaper - Live,['Blue Öyster Cult'],classic rock,Üzüntü
(Don't Fear) The Reaper - Live,['Blue Öyster Cult'],classic rock,Üzüntü
"(Don't Fear) The Reaper - Live at Barton Coliseum, Little Rock, AR - April 1978",['Blue Öyster Cult'],classic rock,Üzüntü
"(Don't Fear) The Reaper - Live at Hollywood Sportatorium, Pembroke Pines, FL - October 1981",['Blue Öyster Cult'],classic rock,Üzüntü
(Don't Fear) The Reaper - Remastered,['Blue Öyster Cult'],classic rock,Üzüntü
(Don't Fear) The Reaper - Remastered,['Blue Öyster Cult'],classic rock,Üzüntü
(Don't Fear) The Reaper - Single Version,['Blue Öyster Cult'],classic rock,Üzüntü
(Don't Fear) The Reaper - Single Version,Blue Öyster Cult,classic rock,Üzüntü
(Don't Fear) The Reaper - Tv Mix Remastered,['Blue Öyster Cult'],classic rock,Üzüntü
(Don't Fear) the Reaper,Keep Shelly In Athens,chillwave,Üzüntü
(Don't Fight It) Feel It,['Sam Cooke'],motown,Mutluluk
(Don't Fight It) Feel It - AronChupa Edit [La Vida Nuestra Soundtrack],AronChupa,electro swing,Mutluluk
(Don't Fight It) Feel It - AronChupa Edit [La Vida Nuestra Soundtrack],AronChupa,electro swing,Aşk
(Don't Go Back To) Rockville - Remastered 2006,R.E.M.,jangle pop,Mutluluk
"(Don't Worry) If There Is a Hell Below, We're All Going to Go",['Curtis Mayfield'],classic soul,Enerji
"(Don't Worry) If There Is a Hell Below, We're All Going to Go",['Curtis Mayfield'],classic soul,Enerji
"(Don't Worry) If There's a Hell Below We're All Going to Go - Backing Track, Take 1 & 2",['Curtis Mayfield'],classic soul,Korku
(Don't Worry) If There's a Hell Below We're All Going to Go - Single Version,['Curtis Mayfield'],classic soul,Korku
"(Don't Worry) If There's a Hell Below, We're All Going to Go",Narada Michael Walden,post-disco,Korku
(Don't) Give Hate a Chance,Jamiroquai,acid jazz,Aşk
(Don't) Talk to Strangers,Agent blå,post-punk,Aşk
(Don't) Talk to Strangers,['Agent blå'],post-punk,Aşk
(Don't) Wannabe,['Kristin Kontrol'],,Enerji
(Don’t Fear) the Reaper (Blue Oyster Cult),['Unto Ashes'],neoclassical,Üzüntü
(Don’t Fear) the Reaper (Blue Oyster Cult),['Unto Ashes'],neoclassical,Üzüntü
(Down) The Left Hand Path,['Cage'],horrorcore,Mutluluk
(Drawing) Rings Around the World,Super Furry Animals,britpop,Üzüntü
(Drop Dead) Beautiful,Britney Spears,pop,Enerji
(Dry Cry) Just One of Those Days,Sizzla,reggae,Aşk
(Dying Inside) To Hold You - Heartbreak Radio Edit,['Timmy Thomas'],classic soul,Aşk
(Eat Shit) We Did It,['Born Ruffians'],,Enerji
(Every Time I Turn Around) Back In Love Again,The Temptations,motown,Aşk
(Every Time I Turn Around) Back In Love Again,L.T.D.,quiet storm,Aşk
(Every Time I Turn Around) Back In Love Again,['L.T.D.'],quiet storm,Aşk
(Everybody Wanna Get Rich) Rite Away,['Dr. John'],cajun,Mutluluk
(Everybody Wanna Get Rich) Rite Away,Dr. John,cajun,Mutluluk
(Everybody's Waitin' For) The Man With The Bag,['Various Artists'],christmas,Mutluluk
(Everybody's Waitin' For) The Man With The Bag - Remastered 1996,Kay Starr,christmas,Mutluluk
(Everybody) Get Down,['Gary Valenciano'],opm,Enerji
(Everybody’s Waitin’ For) The Man With The Bag,['Various Artists'],,Mutluluk
(Everything I Do ) I Do It For You,['Brandy'],r&b,Üzüntü
(Everything I Do ) I Do It for You,['Brandy'],r&b,Üzüntü
(Everything I Do) I Do It For You,Bryan Adams,,Üzüntü
(Everything I Do) I Do It For You,Bryan Adams,,Üzüntü
(Everything I Do) I Do It For You,['Julia Westlin'],,Üzüntü
(Everything I Do) I Do It For You,New Found Glory,pop punk,Üzüntü
(Everything I Do) I Do It For You,['Bryan Adams'],,Üzüntü
(Everything I Do) I Do It For You,Bryan Adams,,Üzüntü
(Everything I Do) I Do It For You,['Bryan Adams'],,Üzüntü
(Everything I Do) I Do It For You,['Bryan Adams'],,Üzüntü
(Everything I Do) I Do It For You (feat. LeAnn Rimes),"['Kenny G', 'LeAnn Rimes']",smooth jazz,Üzüntü
(Everything I Do) I Do It For You - 2017 Ultimate Edit,['Bryan Adams'],,Üzüntü
(Everything I Do) I Do It For You - Live,Bryan Adams,,Aşk
(Everything I Do) I Do It For You - Live - Bare Bones,Bryan Adams,,Aşk
(Everything I Do) I Do It For You - Live At Sydney Opera House / 2013,Bryan Adams,,Üzüntü
(Everything I Do) I Do It for You,['Brandy'],r&b,Üzüntü
(Everything I Do) I Do It for You,['Brandy'],r&b,Üzüntü
(Everything I Do) I Do It for You,['Brandy'],r&b,Üzüntü
(Everything I Do) I Do It for You,['Grace Grundy'],,Üzüntü
(Everything I Do) I Do It for You,Brandy,r&b,Üzüntü
(Everything I Do) I Do It for You,JJ Heller,lullaby,Üzüntü
(Everything I Do) I Do It for You,['Brandy'],r&b,Üzüntü
(Everything I Do) I Do It for You,['Brandy'],r&b,Üzüntü
(Everything I Do) I Do It for You,['Brandy'],r&b,Üzüntü
(Everything I Do) I Do It for You,['Brandy'],r&b,Üzüntü
(Everything I Do) I Do It for You,Boyce Avenue,acoustic pop,Üzüntü
(Everything I Do) I Do It for You,['Brandy'],r&b,Üzüntü
(Everything Is) Debatable,Hellogoodbye,,Üzüntü
(Exactly Where We're From),Mirah,,Aşk
(Exchange) - Remastered 2019,Massive Attack,trip hop,Üzüntü
(F)Inally (U)Nderstanding (N)Othing,Emmure,deathcore,Üzüntü
(F)lannigan's Ball,Dropkick Murphys,celtic punk,Üzüntü
(F)lannigan's Ball - Original Version,Dropkick Murphys,celtic punk,Üzüntü
(F)lanningan's Ball,Dropkick Murphys,celtic punk,Aşk
(FOREVER!!!!!!!!!) [WOW OK Remix],glass beach,,Enerji
(Fallin' Like) Dominoes,Donald Byrd,hard bop,Mutluluk
(Fallin' Like) Dominoes - Live,Donald Byrd,hard bop,Enerji
(Far From) Home,['Tiga'],electroclash,Mutluluk
(Far From) Home (The Speed of Sexor Reprise),['Tiga'],electroclash,Enerji
(Far From) Home - The Speed of Sexor Reprise,Tiga,electroclash,Enerji
(Feels Like) Heaven,Roosevelt,nu disco,Enerji
(Feels Like) Heaven,Fiction Factory,new wave,Mutluluk
(Feels Like) Heaven,Fiction Factory,new wave,Mutluluk
(Feels Like) Heaven,['Various Artists'],new wave,Mutluluk
(Feels Like) Heaven - Extended Version,['Fiction Factory'],new wave,Enerji
(Find A) Reason To Believe,['Rod Stewart'],soft rock,Aşk
(Find My) Tracks In The Snow,['Grant Miller'],italo disco,Enerji
(Find My) Tracks In The Snow,Grant Miller,italo disco,Enerji
(Flesh & Blood) Sacrifice - 2006 Remaster,['Poison'],glam metal,Aşk
(Flesh & Blood) Sacrifice - Remastered 1996,Poison,glam metal,Aşk
(Fly Away) Little Paraquayo,['George Baker Selection'],nederpop,Mutluluk
(Fly Me To The Moon) In Other Words,"[""Anita O'Day""]",vocal jazz,Aşk
(Folk) up the Punx!,Sledding With Tigers,folk punk,Mutluluk
(For God's Sake) Give More Power To The People,['The Chi-Lites'],classic soul,Aşk
(For You) I'd Chase a Rainbow,['kalapana'],,Üzüntü
(For You) I'd Chase a Rainbow - Remastered,['kalapana'],,Üzüntü
(Forever) Live And Die,Orchestral Manoeuvres In The Dark,new wave,Üzüntü
(Forever) Live And Die,Orchestral Manoeuvres In The Dark,new wave,Üzüntü
(Forever) Live And Die - Remastered 2019,Orchestral Manoeuvres In The Dark,new wave,Mutluluk
(Fork And Knife),Brand New,emo,Aşk
(Fuck A) Silver Lining,['Panic! At The Disco'],emo,Mutluluk
(Fuck The) U.S.A.,['The Exploited'],punk,Üzüntü
(Fuck the) U.S.A.,The Exploited,punk,Üzüntü
(G) H O S T S,Overthrone,metalcore,Üzüntü
(Get A) Grip (On Yourself) - 1996 Remaster,['The Stranglers'],proto-punk,Mutluluk
(Get A) Grip [on Yourself],The Stranglers,proto-punk,Aşk
(Get Your Kicks On) Route 66,['Nat King Cole'],christmas,Sakinlik
(Get Your Kicks On) Route 66 - 2006 Remaster,Dr. Feelgood,proto-punk,Mutluluk
(Get Your Kicks On) Route 66 - Remastered,['Dr. Feelgood'],proto-punk,Mutluluk
(Getting Some) Fun Out of Life,Madeleine Peyroux,french jazz,Üzüntü
(Getting Some) Fun out of Life,['Madeleine Peyroux'],french jazz,Üzüntü
(Ghost) Riders In The Sky,['Sons of the Pioneers'],traditional country,Korku
(Ghost) Riders In The Sky,['Me First and the Gimme Gimmes'],ska punk,Korku
(Ghost) Riders In The Sky,['Marty Robbins'],classic country,Aşk
(Ghost) Riders In The Sky,Riders In The Sky,,Korku
(Ghost) Riders In The Sky,['The Outlaws'],southern rock,Korku
(Ghost) Riders In the Sky,['Johnny Cash'],classic country,Korku
(Ghost) Riders In the Sky,Johnny Cash,classic country,Korku
"(Ghost) Riders In the Sky - Digitally Remastered, 1996",['The Outlaws'],southern rock,Korku
"(Ghost) Riders In the Sky - Digitally Remastered, 1996",['The Outlaws'],southern rock,Korku
"(Ghost) Riders In the Sky - Digitally Remastered, 1996",['The Outlaws'],southern rock,Korku
(Ghost) Riders in the Sky,['Johnny Cash'],classic country,Korku
(Ghost) Riders in the Sky,['Johnny Cash'],classic country,Korku
(Ghost) Riders in the Sky,['Johnny Cash'],classic country,Korku
(Ghost) Riders in the Sky,['Johnny Cash'],classic country,Korku
(Ghost) Riders in the Sky,Me First and the Gimme Gimmes,ska punk,Korku
"(Ghost) Riders in the Sky - Live at Nassau Coliseum, Uniondale, NY - March 1990",['The Highwaymen'],outlaw country,Korku
(Go To) California,Rob Zombie,industrial metal,Enerji
(God Must Have Spent) A Little More Time On You,['*NSYNC'],,Üzüntü
(God Must Have Spent) A Little More Time On You - Remix,['*NSYNC'],,Üzüntü
(God Must Have Spent) A Little More Time On You - Remix,['*NSYNC'],,Üzüntü
(Goin' All Out) Nothin' To Lose,['Cypress Hill'],west coast hip hop,Mutluluk
(Gonna) Carry That Weight,['Autumn Orange'],lo-fi,Aşk
(Gonna) Shine Up My Boots,['Corb Lund'],red dirt,Aşk
(Gonna) Shine Up My Boots,Corb Lund,red dirt,Mutluluk
"(Good Old Electric) Washing Machine (Circa 1943) - Buddha Remastered - September 3, 2001",['John Hartford'],bluegrass,Mutluluk
(Goodnight My Love) Pleasant Dreams,Tavares,disco,Aşk
(Gotta Get A) Meal Ticket,['Elton John'],,Enerji
(Gotta Get Some Action) Now!,The Hellacopters,garage rock,Üzüntü
(Gotta Get Some) Shut-Eye,['Glenn Miller'],big band,Mutluluk
(Gun Fever) Blam Blam Fever,['The Valentines'],doo-wop,Mutluluk
(Happy Birthday ) Mr. Twenty-One,['The Orlons'],doo-wop,Sakinlik
(Happy Birthday) Mr.Twenty-One,['The Orlons'],doo-wop,Mutluluk
(Happy Without You),Miami Horror,nu disco,Mutluluk
(Have I Stayed) Too Long At The Fair / Ready To Begin Again,Christine Ebersole,musicals,Üzüntü
(Have I Stayed) Too Long At the Fair? - Live in Concert,['Barbra Streisand'],adult standards,Aşk
